<?xml version="1.0" encoding="UTF-8"?>
<root>
  <item name="com.rengwuxian.materialedittext.MaterialAutoCompleteTextView android.graphics.Bitmap[] generateIconBitmaps(int) 0">
    <annotation name="android.support.annotation.DrawableRes" />
  </item>
  <item name="com.rengwuxian.materialedittext.MaterialAutoCompleteTextView void setFloatingLabel(int) 0">
    <annotation name="android.support.annotation.IntDef">
      <val name="value" val="{com.rengwuxian.materialedittext.MaterialAutoCompleteTextView.FLOATING_LABEL_NONE, com.rengwuxian.materialedittext.MaterialAutoCompleteTextView.FLOATING_LABEL_NORMAL, com.rengwuxian.materialedittext.MaterialAutoCompleteTextView.FLOATING_LABEL_HIGHLIGHT}" />
    </annotation>
  </item>
  <item name="com.rengwuxian.materialedittext.MaterialAutoCompleteTextView void setIconLeft(int) 0">
    <annotation name="android.support.annotation.DrawableRes" />
  </item>
  <item name="com.rengwuxian.materialedittext.MaterialAutoCompleteTextView void setIconRight(int) 0">
    <annotation name="android.support.annotation.DrawableRes" />
  </item>
  <item name="com.rengwuxian.materialedittext.MaterialEditText android.graphics.Bitmap[] generateIconBitmaps(int) 0">
    <annotation name="android.support.annotation.DrawableRes" />
  </item>
  <item name="com.rengwuxian.materialedittext.MaterialEditText void setFloatingLabel(int) 0">
    <annotation name="android.support.annotation.IntDef">
      <val name="value" val="{com.rengwuxian.materialedittext.MaterialEditText.FLOATING_LABEL_NONE, com.rengwuxian.materialedittext.MaterialEditText.FLOATING_LABEL_NORMAL, com.rengwuxian.materialedittext.MaterialEditText.FLOATING_LABEL_HIGHLIGHT}" />
    </annotation>
  </item>
  <item name="com.rengwuxian.materialedittext.MaterialEditText void setIconLeft(int) 0">
    <annotation name="android.support.annotation.DrawableRes" />
  </item>
  <item name="com.rengwuxian.materialedittext.MaterialEditText void setIconRight(int) 0">
    <annotation name="android.support.annotation.DrawableRes" />
  </item>
  <item name="com.rengwuxian.materialedittext.MaterialMultiAutoCompleteTextView android.graphics.Bitmap[] generateIconBitmaps(int) 0">
    <annotation name="android.support.annotation.DrawableRes" />
  </item>
  <item name="com.rengwuxian.materialedittext.MaterialMultiAutoCompleteTextView void setFloatingLabel(int) 0">
    <annotation name="android.support.annotation.IntDef">
      <val name="value" val="{com.rengwuxian.materialedittext.MaterialMultiAutoCompleteTextView.FLOATING_LABEL_NONE, com.rengwuxian.materialedittext.MaterialMultiAutoCompleteTextView.FLOATING_LABEL_NORMAL, com.rengwuxian.materialedittext.MaterialMultiAutoCompleteTextView.FLOATING_LABEL_HIGHLIGHT}" />
    </annotation>
  </item>
  <item name="com.rengwuxian.materialedittext.MaterialMultiAutoCompleteTextView void setIconLeft(int) 0">
    <annotation name="android.support.annotation.DrawableRes" />
  </item>
  <item name="com.rengwuxian.materialedittext.MaterialMultiAutoCompleteTextView void setIconRight(int) 0">
    <annotation name="android.support.annotation.DrawableRes" />
  </item>
</root>

